[
	{
		"Index" : 000001,
		"Category" : "Engine",
		"Name" : "LocalPlayer",
		"Offset" : 1
	},
	{
		"Index" : 000002,
		"Category" : "Actor",
		"Name" : "RootComponent",
		"Offset" : 432
	},
	{
		"Index" : 000003,
		"Category" : "Actor",
		"Name" : "bHidden",
		"Offset" : 136
	},
	{
		"Index" : 000004,
		"Category" : "SceneComponent",
		"Name" : "ComponentVelocity",
		"Offset" : 608
	},
	{
		"Index" : 000005,
		"Category" : "SceneComponent",
		"Name" : "RelativeLocation",
		"Offset" : 388
	},
	{
		"Index" : 000006,
		"Category" : "PrimitiveComponent",
		"Name" : "LastRenderTime",
		"Offset" : 1040
	},
	{
		"Index" : 000007,
		"Category" : "MovementComponent",
		"Name" : "Velocity",
		"Offset" : 300
	},
	{
		"Index" : 000008,
		"Category" : "Character",
		"Name" : "Mesh",
		"Offset" : 1176
	},
	{
		"Index" : 000009,
		"Category" : "UAECharacter",
		"Name" : "bEnsure",
		"Offset" : 2537
	},
	{
		"Index" : 000010,
		"Category" : "UAECharacter",
		"Name" : "bIsAI",
		"Offset" : 2512
	},
	{
		"Index" : 000011,
		"Category" : "UAECharacter",
		"Name" : "TeamID",
		"Offset" : 2360
	},
	{
		"Index" : 000012,
		"Category" : "UAECharacter",
		"Name" : "PlayerUID",
		"Offset" : 2328
	},
	{
		"Index" : 000013,
		"Category" : "UAECharacter",
		"Name" : "PlayerKey",
		"Offset" : 2320
	},
	{
		"Index" : 000014,
		"Category" : "UAECharacter",
		"Name" : "Nation",
		"Offset" : 2304
	},
	{
		"Index" : 000015,
		"Category" : "UAECharacter",
		"Name" : "PlayerName",
		"Offset" : 2288
	},
	{
		"Index" : 000016,
		"Category" : "STExtraCharacter",
		"Name" : "bIsGunADS",
		"Offset" : 4185
	},
	{
		"Index" : 000017,
		"Category" : "STExtraCharacter",
		"Name" : "PartHitComponent",
		"Offset" : 4176
	},
	{
		"Index" : 000018,
		"Category" : "STExtraCharacter",
		"Name" : "CurrentStates",
		"Offset" : 3976
	},
	{
		"Index" : 000019,
		"Category" : "STExtraCharacter",
		"Name" : "CurrentVehicle",
		"Offset" : 3592
	},
	{
		"Index" : 000020,
		"Category" : "STExtraCharacter",
		"Name" : "bDead",
		"Offset" : 3548
	},
	{
		"Index" : 000021,
		"Category" : "STExtraCharacter",
		"Name" : "HealthMax",
		"Offset" : 3524
	},
	{
		"Index" : 000022,
		"Category" : "STExtraCharacter",
		"Name" : "Health",
		"Offset" : 3520
	},
	{
		"Index" : 000023,
		"Category" : "WeaponManagerComponent",
		"Name" : "CurrentWeaponReplicated",
		"Offset" : 1280
	},
	{
		"Index" : 000024,
		"Category" : "STExtraVehicleBase",
		"Name" : "VehicleShapeType",
		"Offset" : 1620
	},
	{
		"Index" : 000025,
		"Category" : "STExtraWeapon",
		"Name" : "WeaponEntityComp",
		"Offset" : 2120
	},
	{
		"Index" : 000026,
		"Category" : "STExtraBaseCharacter",
		"Name" : "VehicleSeatIdx",
		"Offset" : 10960
	},
	{
		"Index" : 000027,
		"Category" : "STExtraBaseCharacter",
		"Name" : "WeaponManagerComponent",
		"Offset" : 9000
	},
	{
		"Index" : 000028,
		"Category" : "STExtraBaseCharacter",
		"Name" : "STCharacterMovement",
		"Offset" : 7160
	},
	{
		"Index" : 000029,
		"Category" : "STExtraBaseCharacter",
		"Name" : "NearDeathBreath",
		"Offset" : 6528
	},
	{
		"Index" : 000030,
		"Category" : "STExtraBaseCharacter",
		"Name" : "NearDeatchComponent",
		"Offset" : 6496
	},
	{
		"Index" : 000031,
		"Category" : "STExtraBaseCharacter",
		"Name" : "bIsWeaponFiring",
		"Offset" : 5696
	},
	{
		"Index" : 000032,
		"Category" : "PickUpWrapperActor",
		"Name" : "bCanBePickUp",
		"Offset" : 1420
	},
	{
		"Index" : 000033,
		"Category" : "PickUpWrapperActor",
		"Name" : "Count",
		"Offset" : 1416
	},
	{
		"Index" : 000034,
		"Category" : "PickUpWrapperActor",
		"Name" : "DefineID",
		"Offset" : 1392
	},
	{
		"Index" : 000035,
		"Category" : "MinimalViewInfo",
		"Name" : "FOV",
		"Offset" : 36
	},
	{
		"Index" : 000036,
		"Category" : "MinimalViewInfo",
		"Name" : "Rotation",
		"Offset" : 24
	},
	{
		"Index" : 000037,
		"Category" : "MinimalViewInfo",
		"Name" : "Location",
		"Offset" : 0
	},
	{
		"Index" : 000038,
		"Category" : "STExtraPlayerCharacter",
		"Name" : "STPlayerController",
		"Offset" : 16320
	},
	{
		"Index" : 000039,
		"Category" : "Controller",
		"Name" : "ControlRotation",
		"Offset" : 1128
	},
	{
		"Index" : 000040,
		"Category" : "Controller",
		"Name" : "TransformComponent",
		"Offset" : 1120
	},
	{
		"Index" : 000041,
		"Category" : "STExtraGameStateBase",
		"Name" : "GameID",
		"Offset" : 4032
	},
	{
		"Index" : 000042,
		"Category" : "STExtraGameStateBase",
		"Name" : "PlayerNumPerTeam",
		"Offset" : 3676
	},
	{
		"Index" : 000043,
		"Category" : "STExtraGameStateBase",
		"Name" : "AliveTeamNum",
		"Offset" : 2696
	},
	{
		"Index" : 000044,
		"Category" : "STExtraGameStateBase",
		"Name" : "AlivePlayerNum",
		"Offset" : 2692
	},
	{
		"Index" : 000045,
		"Category" : "STExtraGameStateBase",
		"Name" : "PlayerNum",
		"Offset" : 1856
	},
	{
		"Index" : 000046,
		"Category" : "PlayerController",
		"Name" : "PlayerCameraManager",
		"Offset" : 1232
	},
	{
		"Index" : 000047,
		"Category" : "PlayerController",
		"Name" : "MyHUD",
		"Offset" : 1224
	},
	{
		"Index" : 000048,
		"Category" : "PlayerController",
		"Name" : "AcknowledgedPawn",
		"Offset" : 1200
	},
	{
		"Index" : 000049,
		"Category" : "UAEPlayerController",
		"Name" : "TeamID",
		"Offset" : 2216
	},
	{
		"Index" : 000050,
		"Category" : "UAEPlayerController",
		"Name" : "PlayerKey",
		"Offset" : 2184
	},
	{
		"Index" : 000051,
		"Category" : "UAEPlayerController",
		"Name" : "PlayerName",
		"Offset" : 2168
	},
	{
		"Index" : 000052,
		"Category" : "STExtraPlayerController",
		"Name" : "BroadcastFatalDamageToClientWithStruct",
		"Offset" : 1
	},
	{
		"Index" : 000053,
		"Category" : "STExtraPlayerController",
		"Name" : "bIsPressingFireBtn",
		"Offset" : 13640
	},
	{
		"Index" : 000054,
		"Category" : "STExtraPlayerController",
		"Name" : "STExtraBaseCharacter",
		"Offset" : 9792
	},
	{
		"Index" : 000055,
		"Category" : "STExtraPlayerController",
		"Name" : "CurCameraMode",
		"Offset" : 9608
	},
	{
		"Index" : 000056,
		"Category" : "PickUpListWrapperActor",
		"Name" : "PickUpDataList",
		"Offset" : 2176
	},
	{
		"Index" : 000057,
		"Category" : "STExtraShootWeaponBulletBase",
		"Name" : "PMComp",
		"Offset" : 1360
	},
	{
		"Index" : 000058,
		"Category" : "CameraCacheEntry",
		"Name" : "POV",
		"Offset" : 16
	},
	{
		"Index" : 000059,
		"Category" : "StaticMeshComponent",
		"Name" : "StaticMesh",
		"Offset" : 2168
	},
	{
		"Index" : 000060,
		"Category" : "StaticMeshComponent",
		"Name" : "MinLOD",
		"Offset" : 2164
	},
	{
		"Index" : 000061,
		"Category" : "PetEntityComponent",
		"Name" : "FixAttachInfoList",
		"Offset" : 416
	},
	{
		"Index" : 000062,
		"Category" : "CharacterMovementComponent",
		"Name" : "LastUpdateVelocity",
		"Offset" : 720
	},
	{
		"Index" : 000063,
		"Category" : "CharacterMovementComponent",
		"Name" : "LastUpdateRotation",
		"Offset" : 704
	},
	{
		"Index" : 000064,
		"Category" : "CharacterMovementComponent",
		"Name" : "LastUpdateLocation",
		"Offset" : 692
	},
	{
		"Index" : 000065,
		"Category" : "CharacterMovementComponent",
		"Name" : "JumpZVelocity",
		"Offset" : 444
	},
	{
		"Index" : 000066,
		"Category" : "ShootWeaponEntity",
		"Name" : "AccessoriesDeviationFactor",
		"Offset" : 2968
	},
	{
		"Index" : 000067,
		"Category" : "ShootWeaponEntity",
		"Name" : "GameDeviationAccuracy",
		"Offset" : 2964
	},
	{
		"Index" : 000068,
		"Category" : "ShootWeaponEntity",
		"Name" : "GameDeviationFactor",
		"Offset" : 2960
	},
	{
		"Index" : 000069,
		"Category" : "ShootWeaponEntity",
		"Name" : "ShotGunHorizontalSpread",
		"Offset" : 2956
	},
	{
		"Index" : 000070,
		"Category" : "ShootWeaponEntity",
		"Name" : "ShotGunVerticalSpread",
		"Offset" : 2952
	},
	{
		"Index" : 000071,
		"Category" : "ShootWeaponEntity",
		"Name" : "ShotGunCenterPerc",
		"Offset" : 2948
	},
	{
		"Index" : 000072,
		"Category" : "ShootWeaponEntity",
		"Name" : "RecoilInfo",
		"Offset" : 2728
	},
	{
		"Index" : 000073,
		"Category" : "ShootWeaponEntity",
		"Name" : "bHasAutoFireMode",
		"Offset" : 1425
	},
	{
		"Index" : 000074,
		"Category" : "ShootWeaponEntity",
		"Name" : "BulletFireSpeed",
		"Offset" : 1272
	},
	{
		"Index" : 000075,
		"Category" : "ShootWeaponEntity",
		"Name" : "BulletTemplate",
		"Offset" : 1264
	},
	{
		"Index" : 000076,
		"Category" : "SkeletalMeshComponent",
		"Name" : "CachedComponentSpaceTransforms",
		"Offset" : 2832
	},
	{
		"Index" : 000077,
		"Category" : "SkeletalMeshComponent",
		"Name" : "CachedBoneSpaceTransforms",
		"Offset" : 2816
	},
	{
		"Index" : 000078,
		"Category" : "STCharacterMovementComponent",
		"Name" : "WalkSpeedCurveScale",
		"Offset" : 2856
	},
	{
		"Index" : 000079,
		"Category" : "STCharacterNearDeathComp",
		"Name" : "BreathMax",
		"Offset" : 364
	},
	{
		"Index" : 000080,
		"Category" : "NetDriver",
		"Name" : "ServerConnection",
		"Offset" : 120
	},
	{
		"Index" : 000081,
		"Category" : "PlayerCameraManager",
		"Name" : "CameraCache",
		"Offset" : 1200
	},
	{
		"Index" : 000082,
		"Category" : "Engine",
		"Name" : "GameViewport",
		"Offset" : 2064
	},
	{
		"Index" : 000083,
		"Category" : "GameViewportClient",
		"Name" : "World",
		"Offset" : 120
	},
	{
		"Index" : 000084,
		"Category" : "LocalPlayer",
		"Name" : "AspectRatioAxisConstraint",
		"Offset" : 124
	},
	{
		"Index" : 000085,
		"Category" : "World",
		"Name" : "LevelCollections",
		"Offset" : 512
	},
	{
		"Index" : 000086,
		"Category" : "World",
		"Name" : "NetDriver",
		"Offset" : 56
	}
	{
		"Index" : 000087,
		"Category" : "World",
		"Name" : "PersistentLevel",
		"Offset" : 48
	},
]
